<?xml version="1.0" encoding="UTF-8"?>
<project-private xmlns="http://www.netbeans.org/ns/project-private/1">
    <editor-bookmarks xmlns="http://www.netbeans.org/ns/editor-bookmarks/2" lastBookmarkId="0"/>
    <open-files xmlns="http://www.netbeans.org/ns/projectui-open-files/2">
        <group>
            <file>file:/C:/Users/91701/MPLABXProjects/PROJECT_CAR_BLACK%20BOX.X/check_pass.c</file>
            <file>file:/C:/Users/91701/MPLABXProjects/PROJECT_CAR_BLACK%20BOX.X/settime.c</file>
            <file>file:/C:/Users/91701/MPLABXProjects/PROJECT_CAR_BLACK%20BOX.X/main.h</file>
            <file>file:/C:/Users/91701/MPLABXProjects/PROJECT_CAR_BLACK%20BOX.X/ds1307t.c</file>
            <file>file:/C:/Users/91701/MPLABXProjects/PROJECT_CAR_BLACK%20BOX.X/eeprom.c</file>
            <file>file:/C:/Users/91701/MPLABXProjects/PROJECT_CAR_BLACK%20BOX.X/download.c</file>
            <file>file:/C:/Users/91701/MPLABXProjects/PROJECT_CAR_BLACK%20BOX.X/change_password.c</file>
            <file>file:/C:/Users/91701/MPLABXProjects/PROJECT_CAR_BLACK%20BOX.X/disp_menu.c</file>
            <file>file:/C:/Users/91701/MPLABXProjects/PROJECT_CAR_BLACK%20BOX.X/MAIN_CAR.c</file>
            <file>file:/C:/Users/91701/MPLABXProjects/PROJECT_CAR_BLACK%20BOX.X/ds1307t.h</file>
            <file>file:/C:/Users/91701/MPLABXProjects/PROJECT_CAR_BLACK%20BOX.X/clear.c</file>
            <file>file:/C:/Users/91701/MPLABXProjects/PROJECT_CAR_BLACK%20BOX.X/clcd.h</file>
            <file>file:/C:/Users/91701/MPLABXProjects/PROJECT_CAR_BLACK%20BOX.X/functions.c</file>
            <file>file:/C:/Users/91701/MPLABXProjects/PROJECT_CAR_BLACK%20BOX.X/matrix_keypad.c</file>
            <file>file:/C:/Users/91701/MPLABXProjects/PROJECT_CAR_BLACK%20BOX.X/uart_1.c</file>
            <file>file:/C:/Users/91701/MPLABXProjects/PROJECT_CAR_BLACK%20BOX.X/uart.c</file>
            <file>file:/C:/Users/91701/MPLABXProjects/PROJECT_CAR_BLACK%20BOX.X/clcd.c</file>
            <file>file:/C:/Users/91701/MPLABXProjects/PROJECT_CAR_BLACK%20BOX.X/timer.c</file>
            <file>file:/C:/Users/91701/MPLABXProjects/PROJECT_CAR_BLACK%20BOX.X/view.c</file>
        </group>
    </open-files>
</project-private>
